{
  "results": [
    {
      "command": "./fibonacci_go",
      "mean": 11.1735308228,
      "stddev": 0.09028277573161435,
      "median": 11.1934650711,
      "user": 11.18417394,
      "system": 0.006604868,
      "min": 11.000849904599999,
      "max": 11.2720722366,
      "times": [
        11.1870537156,
        11.000849904599999,
        11.1947111726,
        11.2403732916,
        11.2720722366,
        11.195007710599999,
        11.0223377236,
        11.1873761406,
        11.192218969599999,
        11.2433073626
      ],
      "exit_codes": [
        0,
        0,
        0,
        0,
        0,
        0,
        0,
        0,
        0,
        0
      ]
    },
    {
      "command": "./fibonacci_cr",
      "mean": 8.443006494199999,
      "stddev": 0.06150156315097023,
      "median": 8.4578480136,
      "user": 8.44039894,
      "system": 0.002299884,
      "min": 8.3371506426,
      "max": 8.534908073599999,
      "times": [
        8.3371506426,
        8.4769971136,
        8.469691725599999,
        8.4480423546,
        8.4676536726,
        8.479432077599999,
        8.447724149599999,
        8.4268499516,
        8.534908073599999,
        8.3416151806
      ],
      "exit_codes": [
        0,
        0,
        0,
        0,
        0,
        0,
        0,
        0,
        0,
        0
      ]
    }
  ]
}
